Year,Pollutant,Sector,Emissions
1990,NOx,0.6,339924.9
1991,NOx,0.6,351223.8
1992,NOx,0.6,343497.7
1993,NOx,0.6,329671.6
1994,NOx,0.6,344226.4
1995,NOx,0.6,333405.2
1996,NOx,0.6,331072.6
1997,NOx,0.6,335389.3
1998,NOx,0.6,341525.5
1999,NOx,0.6,336256.1
2000,NOx,0.6,329704.6
2001,NOx,0.6,317051.3
2002,NOx,0.6,294938.8
2003,NOx,0.6,322306.6
2004,NOx,0.6,341492.4
2005,NOx,0.6,335559.4
2006,NOx,0.6,341187.9
2007,NOx,0.6,333990.6
2008,NOx,0.6,321994.5
2009,NOx,0.6,315816.8
2010,NOx,0.6,307850.1
2011,NOx,0.6,281451.9
2012,NOx,0.6,263405.0
2013,NOx,0.6,252402.5
2014,NOx,0.6,255837.1
2015,NOx,0.6,239532.2
2016,NOx,0.6,249446.3
2017,NOx,0.6,260845.9
2018,NOx,0.6,233356.5
2019,NOx,0.6,241516.3
2020,NOx,0.6,242408.8
2021,NOx,0.6,211882.5
2022,NOx,0.6,202409.7
2023,NOx,0.6,170279.7
1990,NMVOC,0.6,368377.6
1991,NMVOC,0.6,352516.2
1992,NMVOC,0.6,333420.0
1993,NMVOC,0.6,302703.5
1994,NMVOC,0.6,296518.8
1995,NMVOC,0.6,281028.8
1996,NMVOC,0.6,275160.7
1997,NMVOC,0.6,256038.9
1998,NMVOC,0.6,244909.0
1999,NMVOC,0.6,236359.3
2000,NMVOC,0.6,225741.0
2001,NMVOC,0.6,215942.4
2002,NMVOC,0.6,210773.3
2003,NMVOC,0.6,211767.0
2004,NMVOC,0.6,209452.6
2005,NMVOC,0.6,207695.0
2006,NMVOC,0.6,203046.0
2007,NMVOC,0.6,208745.3
2008,NMVOC,0.6,199856.5
2009,NMVOC,0.6,184651.5
2010,NMVOC,0.6,181343.3
2011,NMVOC,0.6,178878.0
2012,NMVOC,0.6,170745.2
2013,NMVOC,0.6,163499.6
2014,NMVOC,0.6,159567.5
2015,NMVOC,0.6,160786.5
2016,NMVOC,0.6,154390.5
2017,NMVOC,0.6,147151.0
2018,NMVOC,0.6,142442.6
2019,NMVOC,0.6,143753.3
2020,NMVOC,0.6,142265.5
2021,NMVOC,0.6,138400.4
2022,NMVOC,0.6,141733.5
2023,NMVOC,0.6,139630.2
1990,SO2,0.6,136319.7
1991,SO2,0.6,139622.1
1992,SO2,0.6,137598.0
1993,SO2,0.6,125737.3
1994,SO2,0.6,131933.7
1995,SO2,0.6,121275.8
1996,SO2,0.6,117862.5
1997,SO2,0.6,118439.6
1998,SO2,0.6,121771.6
1999,SO2,0.6,112509.1
2000,SO2,0.6,106015.4
2001,SO2,0.6,102403.6
2002,SO2,0.6,94471.9
2003,SO2,0.6,114505.2
2004,SO2,0.6,124868.2
2005,SO2,0.6,122792.4
2006,SO2,0.6,110694.2
2007,SO2,0.6,85017.6
2008,SO2,0.6,79002.8
2009,SO2,0.6,80101.6
2010,SO2,0.6,67049.1
2011,SO2,0.6,52684.0
2012,SO2,0.6,51093.1
2013,SO2,0.6,61197.2
2014,SO2,0.6,59977.4
2015,SO2,0.6,48333.1
2016,SO2,0.6,65955.0
2017,SO2,0.6,76893.7
2018,SO2,0.6,49389.8
2019,SO2,0.6,56321.7
2020,SO2,0.6,32037.6
2021,SO2,0.6,27492.3
2022,SO2,0.6,25965.9
2023,SO2,0.6,22721.8
1990,NH3,0.6,67094.0
1991,NH3,0.6,64551.3
1992,NH3,0.6,64581.9
1993,NH3,0.6,66747.2
1994,NH3,0.6,68051.3
1995,NH3,0.6,66852.2
1996,NH3,0.6,66736.7
1997,NH3,0.6,68387.9
1998,NH3,0.6,67854.5
1999,NH3,0.6,65366.6
2000,NH3,0.6,65359.0
2001,NH3,0.6,64622.0
2002,NH3,0.6,63443.9
2003,NH3,0.6,62882.0
2004,NH3,0.6,62745.0
2005,NH3,0.6,60438.7
2006,NH3,0.6,59574.2
2007,NH3,0.6,59274.8
2008,NH3,0.6,59735.1
2009,NH3,0.6,55725.8
2010,NH3,0.6,57182.0
2011,NH3,0.6,57069.0
2012,NH3,0.6,55440.3
2013,NH3,0.6,56560.8
2014,NH3,0.6,56948.1
2015,NH3,0.6,56890.0
2016,NH3,0.6,55921.6
2017,NH3,0.6,56582.5
2018,NH3,0.6,55996.6
2019,NH3,0.6,55225.2
2020,NH3,0.6,56437.4
2021,NH3,0.6,54876.0
2022,NH3,0.6,54329.2
2023,NH3,0.6,54451.4
1990,PM2.5,0.6,49104.0
1991,PM2.5,0.6,49960.5
1992,PM2.5,0.6,49278.3
1993,PM2.5,0.6,49532.3
1994,PM2.5,0.6,49685.2
1995,PM2.5,0.6,60263.5
1996,PM2.5,0.6,59698.5
1997,PM2.5,0.6,57923.8
1998,PM2.5,0.6,56583.7
1999,PM2.5,0.6,54595.7
2000,PM2.5,0.6,41809.0
2001,PM2.5,0.6,40664.2
2002,PM2.5,0.6,38670.8
2003,PM2.5,0.6,42163.7
2004,PM2.5,0.6,42959.3
2005,PM2.5,0.6,45262.6
2006,PM2.5,0.6,42454.8
2007,PM2.5,0.6,40481.4
2008,PM2.5,0.6,38666.9
2009,PM2.5,0.6,37875.6
2010,PM2.5,0.6,36111.1
2011,PM2.5,0.6,33268.9
2012,PM2.5,0.6,31614.5
2013,PM2.5,0.6,31328.7
2014,PM2.5,0.6,28776.0
2015,PM2.5,0.6,24448.3
2016,PM2.5,0.6,26569.1
2017,PM2.5,0.6,28593.6
2018,PM2.5,0.6,25368.9
2019,PM2.5,0.6,25103.7
2020,PM2.5,0.6,23417.5
2021,PM2.5,0.6,20688.6
2022,PM2.5,0.6,20241.1
2023,PM2.5,0.6,18791.9
1990,PM10,0.6,78425.1
1991,PM10,0.6,78016.9
1992,PM10,0.6,77826.6
1993,PM10,0.6,78489.1
1994,PM10,0.6,79013.8
1995,PM10,0.6,195512.3
1996,PM10,0.6,194998.1
1997,PM10,0.6,193953.1
1998,PM10,0.6,191263.8
1999,PM10,0.6,189418.9
2000,PM10,0.6,68807.3
2001,PM10,0.6,67887.6
2002,PM10,0.6,65710.8
2003,PM10,0.6,70484.1
2004,PM10,0.6,70460.6
2005,PM10,0.6,87583.7
2006,PM10,0.6,82158.0
2007,PM10,0.6,82031.3
2008,PM10,0.6,79302.5
2009,PM10,0.6,78035.7
2010,PM10,0.6,74106.3
2011,PM10,0.6,73612.2
2012,PM10,0.6,70083.9
2013,PM10,0.6,71208.8
2014,PM10,0.6,67775.7
2015,PM10,0.6,51925.9
2016,PM10,0.6,53709.7
2017,PM10,0.6,55344.1
2018,PM10,0.6,51859.5
2019,PM10,0.6,51492.9
2020,PM10,0.6,49234.4
2021,PM10,0.6,46631.2
2022,PM10,0.6,47417.1
2023,PM10,0.6,44234.2
1990,TSP,0.6,123809.1
1991,TSP,0.6,121577.7
1992,TSP,0.6,121983.7
1993,TSP,0.6,122513.0
1994,TSP,0.6,123714.0
1995,TSP,0.6,518077.3
1996,TSP,0.6,516786.5
1997,TSP,0.6,516962.7
1998,TSP,0.6,512589.9
1999,TSP,0.6,511488.6
2000,TSP,0.6,108084.9
2001,TSP,0.6,107230.1
2002,TSP,0.6,104817.2
2003,TSP,0.6,110530.3
2004,TSP,0.6,109268.4
2005,TSP,0.6,164942.0
2006,TSP,0.6,157127.9
2007,TSP,0.6,159214.1
2008,TSP,0.6,155742.6
2009,TSP,0.6,153555.6
2010,TSP,0.6,145792.2
2011,TSP,0.6,148806.0
2012,TSP,0.6,143017.3
2013,TSP,0.6,145671.5
2014,TSP,0.6,141347.4
2015,TSP,0.6,89750.2
2016,TSP,0.6,91467.3
2017,TSP,0.6,92745.8
2018,TSP,0.6,88962.0
2019,TSP,0.6,88561.2
2020,TSP,0.6,85873.3
2021,TSP,0.6,84041.1
2022,TSP,0.6,86145.3
2023,TSP,0.6,80485.0
1990,BC,0.6,..
1991,BC,0.6,..
1992,BC,0.6,..
1993,BC,0.6,..
1994,BC,0.6,..
1995,BC,0.6,..
1996,BC,0.6,..
1997,BC,0.6,..
1998,BC,0.6,..
1999,BC,0.6,..
2000,BC,0.6,5746.4
2001,BC,0.6,5530.5
2002,BC,0.6,5314.0
2003,BC,0.6,5250.2
2004,BC,0.6,5337.2
2005,BC,0.6,5232.4
2006,BC,0.6,5235.6
2007,BC,0.6,4957.7
2008,BC,0.6,4715.4
2009,BC,0.6,4514.0
2010,BC,0.6,4415.4
2011,BC,0.6,4106.7
2012,BC,0.6,3755.3
2013,BC,0.6,3550.9
2014,BC,0.6,3322.9
2015,BC,0.6,3093.2
2016,BC,0.6,3060.6
2017,BC,0.6,3001.3
2018,BC,0.6,2691.3
2019,BC,0.6,2655.1
2020,BC,0.6,2415.3
2021,BC,0.6,2259.8
2022,BC,0.6,2153.0
2023,BC,0.6,1970.1
1990,CO,0.6,1102231.1
1991,CO,0.6,1147201.2
1992,CO,0.6,1083788.1
1993,CO,0.6,984668.2
1994,CO,0.6,1004233.3
1995,CO,0.6,943666.7
1996,CO,0.6,915783.5
1997,CO,0.6,833397.3
1998,CO,0.6,784797.0
1999,CO,0.6,721935.0
2000,CO,0.6,650619.0
2001,CO,0.6,609304.8
2002,CO,0.6,572486.1
2003,CO,0.6,552616.0
2004,CO,0.6,511350.7
2005,CO,0.6,501901.8
2006,CO,0.6,469878.9
2007,CO,0.6,462638.9
2008,CO,0.6,444719.6
2009,CO,0.6,428910.7
2010,CO,0.6,420013.4
2011,CO,0.6,401349.7
2012,CO,0.6,374901.0
2013,CO,0.6,367021.9
2014,CO,0.6,356402.6
2015,CO,0.6,343963.8
2016,CO,0.6,350043.1
2017,CO,0.6,343577.6
2018,CO,0.6,322464.7
2019,CO,0.6,317422.3
2020,CO,0.6,297502.3
2021,CO,0.6,296306.1
2022,CO,0.6,286697.3
2023,CO,0.6,278109.4
1990,Pb,0.6,369868.9
1991,Pb,0.6,325470.2
1992,Pb,0.6,306534.4
1993,Pb,0.6,143686.0
1994,Pb,0.6,48097.5
1995,Pb,0.6,29905.9
1996,Pb,0.6,25000.5
1997,Pb,0.6,25166.6
1998,Pb,0.6,23916.5
1999,Pb,0.6,22235.5
2000,Pb,0.6,19802.7
2001,Pb,0.6,18351.9
2002,Pb,0.6,15691.0
2003,Pb,0.6,15641.4
2004,Pb,0.6,14935.0
2005,Pb,0.6,13682.0
2006,Pb,0.6,13124.8
2007,Pb,0.6,13746.5
2008,Pb,0.6,12044.3
2009,Pb,0.6,11342.5
2010,Pb,0.6,12080.8
2011,Pb,0.6,10895.7
2012,Pb,0.6,10520.5
2013,Pb,0.6,10095.7
2014,Pb,0.6,10063.6
2015,Pb,0.6,9302.2
2016,Pb,0.6,10119.9
2017,Pb,0.6,10177.6
2018,Pb,0.6,8868.9
2019,Pb,0.6,9047.6
2020,Pb,0.6,8580.4
2021,Pb,0.6,7509.7
2022,Pb,0.6,7333.6
2023,Pb,0.6,7497.4
1990,Cd,0.6,2277.0
1991,Cd,0.6,1731.5
1992,Cd,0.6,1372.5
1993,Cd,0.6,1092.2
1994,Cd,0.6,785.5
1995,Cd,0.6,768.1
1996,Cd,0.6,735.6
1997,Cd,0.6,730.9
1998,Cd,0.6,660.8
1999,Cd,0.6,576.6
2000,Cd,0.6,558.3
2001,Cd,0.6,638.3
2002,Cd,0.6,560.1
2003,Cd,0.6,561.2
2004,Cd,0.6,575.4
2005,Cd,0.6,577.2
2006,Cd,0.6,602.0
2007,Cd,0.6,605.1
2008,Cd,0.6,548.3
2009,Cd,0.6,567.8
2010,Cd,0.6,572.4
2011,Cd,0.6,551.5
2012,Cd,0.6,551.5
2013,Cd,0.6,523.8
2014,Cd,0.6,533.6
2015,Cd,0.6,490.8
2016,Cd,0.6,498.4
2017,Cd,0.6,542.2
2018,Cd,0.6,502.2
2019,Cd,0.6,514.6
2020,Cd,0.6,516.8
2021,Cd,0.6,494.0
2022,Cd,0.6,504.8
2023,Cd,0.6,517.6
1990,Hg,0.6,1577.3
1991,Hg,0.6,1258.2
1992,Hg,0.6,1184.0
1993,Hg,0.6,1047.0
1994,Hg,0.6,1065.5
1995,Hg,0.6,995.6
1996,Hg,0.6,1052.6
1997,Hg,0.6,866.8
1998,Hg,0.6,872.8
1999,Hg,0.6,876.6
2000,Hg,0.6,758.2
2001,Hg,0.6,597.5
2002,Hg,0.6,633.4
2003,Hg,0.6,715.9
2004,Hg,0.6,733.1
2005,Hg,0.6,681.7
2006,Hg,0.6,532.9
2007,Hg,0.6,577.2
2008,Hg,0.6,521.6
2009,Hg,0.6,558.8
2010,Hg,0.6,542.2
2011,Hg,0.6,528.2
2012,Hg,0.6,493.9
2013,Hg,0.6,519.1
2014,Hg,0.6,453.9
2015,Hg,0.6,424.1
2016,Hg,0.6,455.9
2017,Hg,0.6,440.7
2018,Hg,0.6,426.4
2019,Hg,0.6,422.6
2020,Hg,0.6,401.0
2021,Hg,0.6,419.8
2022,Hg,0.6,402.6
2023,Hg,0.6,375.8
1990,As,0.6,6502.3
1991,As,0.6,5154.3
1992,As,0.6,5222.7
1993,As,0.6,3883.2
1994,As,0.6,2767.8
1995,As,0.6,2847.5
1996,As,0.6,2488.0
1997,As,0.6,2698.9
1998,As,0.6,2792.9
1999,As,0.6,2489.8
2000,As,0.6,2332.4
2001,As,0.6,2512.1
2002,As,0.6,2161.4
2003,As,0.6,2572.5
2004,As,0.6,2730.8
2005,As,0.6,2646.9
2006,As,0.6,2669.7
2007,As,0.6,2869.8
2008,As,0.6,2513.6
2009,As,0.6,2577.2
2010,As,0.6,2431.0
2011,As,0.6,2166.3
2012,As,0.6,2035.9
2013,As,0.6,1888.3
2014,As,0.6,1935.7
2015,As,0.6,1472.9
2016,As,0.6,1631.7
2017,As,0.6,1887.6
2018,As,0.6,1651.5
2019,As,0.6,1866.5
2020,As,0.6,1955.7
2021,As,0.6,1444.0
2022,As,0.6,1504.3
2023,As,0.6,1271.7
1990,Cr,0.6,23348.6
1991,Cr,0.6,19473.8
1992,Cr,0.6,17519.9
1993,Cr,0.6,17699.0
1994,Cr,0.6,16373.4
1995,Cr,0.6,13246.6
1996,Cr,0.6,11664.5
1997,Cr,0.6,10051.4
1998,Cr,0.6,8952.9
1999,Cr,0.6,8058.2
2000,Cr,0.6,8287.7
2001,Cr,0.6,8835.7
2002,Cr,0.6,10278.4
2003,Cr,0.6,8877.5
2004,Cr,0.6,9885.8
2005,Cr,0.6,11592.0
2006,Cr,0.6,12006.0
2007,Cr,0.6,14682.7
2008,Cr,0.6,11098.8
2009,Cr,0.6,4854.5
2010,Cr,0.6,6411.7
2011,Cr,0.6,7549.6
2012,Cr,0.6,6096.1
2013,Cr,0.6,5838.4
2014,Cr,0.6,5468.5
2015,Cr,0.6,6134.7
2016,Cr,0.6,6387.9
2017,Cr,0.6,7679.7
2018,Cr,0.6,6852.4
2019,Cr,0.6,7009.3
2020,Cr,0.6,6355.6
2021,Cr,0.6,7108.1
2022,Cr,0.6,7355.5
2023,Cr,0.6,6450.2
1990,Cu,0.6,46734.6
1991,Cu,0.6,44198.9
1992,Cu,0.6,53653.6
1993,Cu,0.6,44123.5
1994,Cu,0.6,36008.8
1995,Cu,0.6,35972.0
1996,Cu,0.6,36701.0
1997,Cu,0.6,37998.1
1998,Cu,0.6,36020.1
1999,Cu,0.6,34045.0
2000,Cu,0.6,31639.8
2001,Cu,0.6,30956.1
2002,Cu,0.6,30450.3
2003,Cu,0.6,30498.8
2004,Cu,0.6,29358.0
2005,Cu,0.6,29350.3
2006,Cu,0.6,28220.5
2007,Cu,0.6,31651.3
2008,Cu,0.6,28506.5
2009,Cu,0.6,27800.2
2010,Cu,0.6,28637.3
2011,Cu,0.6,28317.9
2012,Cu,0.6,26907.9
2013,Cu,0.6,27058.1
2014,Cu,0.6,27039.1
2015,Cu,0.6,29271.9
2016,Cu,0.6,29954.8
2017,Cu,0.6,30755.9
2018,Cu,0.6,30739.3
2019,Cu,0.6,30516.5
2020,Cu,0.6,29293.4
2021,Cu,0.6,30926.3
2022,Cu,0.6,30549.1
2023,Cu,0.6,29874.5
1990,Ni,0.6,50121.6
1991,Ni,0.6,53881.9
1992,Ni,0.6,55771.1
1993,Ni,0.6,57169.0
1994,Ni,0.6,66568.3
1995,Ni,0.6,64690.2
1996,Ni,0.6,62024.3
1997,Ni,0.6,63084.4
1998,Ni,0.6,65784.3
1999,Ni,0.6,62538.4
2000,Ni,0.6,57878.5
2001,Ni,0.6,58346.8
2002,Ni,0.6,53753.1
2003,Ni,0.6,64414.2
2004,Ni,0.6,67351.7
2005,Ni,0.6,62240.4
2006,Ni,0.6,61560.3
2007,Ni,0.6,58226.3
2008,Ni,0.6,55949.3
2009,Ni,0.6,57865.5
2010,Ni,0.6,54973.9
2011,Ni,0.6,44134.7
2012,Ni,0.6,41199.7
2013,Ni,0.6,37193.7
2014,Ni,0.6,36252.6
2015,Ni,0.6,27161.4
2016,Ni,0.6,32490.5
2017,Ni,0.6,37488.7
2018,Ni,0.6,32481.3
2019,Ni,0.6,38162.2
2020,Ni,0.6,41575.1
2021,Ni,0.6,29661.6
2022,Ni,0.6,30705.2
2023,Ni,0.6,23823.6
1990,Se,0.6,1036.2
1991,Se,0.6,1015.4
1992,Se,0.6,1040.3
1993,Se,0.6,1112.5
1994,Se,0.6,1171.6
1995,Se,0.6,1179.5
1996,Se,0.6,1237.6
1997,Se,0.6,1162.4
1998,Se,0.6,1129.2
1999,Se,0.6,1018.8
2000,Se,0.6,1039.0
2001,Se,0.6,1049.3
2002,Se,0.6,1058.3
2003,Se,0.6,1110.7
2004,Se,0.6,1115.0
2005,Se,0.6,1108.0
2006,Se,0.6,1129.6
2007,Se,0.6,1170.4
2008,Se,0.6,1187.3
2009,Se,0.6,1081.9
2010,Se,0.6,1263.9
2011,Se,0.6,1242.8
2012,Se,0.6,1225.0
2013,Se,0.6,1166.1
2014,Se,0.6,1120.0
2015,Se,0.6,1059.9
2016,Se,0.6,1085.5
2017,Se,0.6,1150.6
2018,Se,0.6,1126.1
2019,Se,0.6,1134.2
2020,Se,0.6,1098.5
2021,Se,0.6,1127.1
2022,Se,0.6,1105.1
2023,Se,0.6,1083.1
1990,Zn,0.6,188689.4
1991,Zn,0.6,161158.3
1992,Zn,0.6,142465.8
1993,Zn,0.6,145912.3
1994,Zn,0.6,149872.5
1995,Zn,0.6,136107.2
1996,Zn,0.6,129872.0
1997,Zn,0.6,117702.5
1998,Zn,0.6,118014.4
1999,Zn,0.6,100160.2
2000,Zn,0.6,95020.3
2001,Zn,0.6,102511.8
2002,Zn,0.6,97822.5
2003,Zn,0.6,100666.3
2004,Zn,0.6,97897.3
2005,Zn,0.6,102815.9
2006,Zn,0.6,105899.5
2007,Zn,0.6,106652.1
2008,Zn,0.6,102400.6
2009,Zn,0.6,93818.3
2010,Zn,0.6,101452.8
2011,Zn,0.6,92837.3
2012,Zn,0.6,91624.7
2013,Zn,0.6,84837.8
2014,Zn,0.6,86189.8
2015,Zn,0.6,88368.6
2016,Zn,0.6,84438.8
2017,Zn,0.6,82677.1
2018,Zn,0.6,81717.5
2019,Zn,0.6,79441.2
2020,Zn,0.6,74232.2
2021,Zn,0.6,75574.1
2022,Zn,0.6,75668.8
2023,Zn,0.6,75554.3
1990,DIOX,0.6,57.8
1991,DIOX,0.6,50.9
1992,DIOX,0.6,46.5
1993,DIOX,0.6,44.7
1994,DIOX,0.6,41.2
1995,DIOX,0.6,36.0
1996,DIOX,0.6,32.8
1997,DIOX,0.6,32.5
1998,DIOX,0.6,30.8
1999,DIOX,0.6,30.2
2000,DIOX,0.6,29.5
2001,DIOX,0.6,27.4
2002,DIOX,0.6,27.3
2003,DIOX,0.6,26.6
2004,DIOX,0.6,27.7
2005,DIOX,0.6,28.3
2006,DIOX,0.6,25.1
2007,DIOX,0.6,23.0
2008,DIOX,0.6,22.9
2009,DIOX,0.6,20.9
2010,DIOX,0.6,23.1
2011,DIOX,0.6,21.0
2012,DIOX,0.6,19.7
2013,DIOX,0.6,19.2
2014,DIOX,0.6,18.4
2015,DIOX,0.6,18.0
2016,DIOX,0.6,19.0
2017,DIOX,0.6,18.7
2018,DIOX,0.6,18.3
2019,DIOX,0.6,18.0
2020,DIOX,0.6,17.9
2021,DIOX,0.6,17.9
2022,DIOX,0.6,16.7
2023,DIOX,0.6,16.8
1990,benzo(a),0.6,6388.7
1991,benzo(a),0.6,6757.4
1992,benzo(a),0.6,6171.3
1993,benzo(a),0.6,6170.1
1994,benzo(a),0.6,6091.4
1995,benzo(a),0.6,6388.7
1996,benzo(a),0.6,6539.0
1997,benzo(a),0.6,5585.7
1998,benzo(a),0.6,5524.0
1999,benzo(a),0.6,5916.2
2000,benzo(a),0.6,4961.4
2001,benzo(a),0.6,4989.6
2002,benzo(a),0.6,4845.0
2003,benzo(a),0.6,5143.7
2004,benzo(a),0.6,4916.4
2005,benzo(a),0.6,5402.9
2006,benzo(a),0.6,5439.2
2007,benzo(a),0.6,5056.8
2008,benzo(a),0.6,5058.2
2009,benzo(a),0.6,3480.3
2010,benzo(a),0.6,3428.1
2011,benzo(a),0.6,3349.7
2012,benzo(a),0.6,3131.3
2013,benzo(a),0.6,3008.1
2014,benzo(a),0.6,2737.7
2015,benzo(a),0.6,2643.1
2016,benzo(a),0.6,2631.0
2017,benzo(a),0.6,2596.6
2018,benzo(a),0.6,2246.1
2019,benzo(a),0.6,2232.4
2020,benzo(a),0.6,2108.7
2021,benzo(a),0.6,2150.5
2022,benzo(a),0.6,1953.2
2023,benzo(a),0.6,1891.5
1990,benzo(b),0.6,6228.8
1991,benzo(b),0.6,6568.5
1992,benzo(b),0.6,6007.5
1993,benzo(b),0.6,5953.4
1994,benzo(b),0.6,5914.4
1995,benzo(b),0.6,6148.5
1996,benzo(b),0.6,6307.3
1997,benzo(b),0.6,5400.4
1998,benzo(b),0.6,5386.0
1999,benzo(b),0.6,5791.6
2000,benzo(b),0.6,4829.7
2001,benzo(b),0.6,4901.7
2002,benzo(b),0.6,4774.7
2003,benzo(b),0.6,5091.9
2004,benzo(b),0.6,4909.7
2005,benzo(b),0.6,5386.2
2006,benzo(b),0.6,5466.8
2007,benzo(b),0.6,5107.6
2008,benzo(b),0.6,5113.3
2009,benzo(b),0.6,3556.9
2010,benzo(b),0.6,3505.3
2011,benzo(b),0.6,3427.2
2012,benzo(b),0.6,3227.1
2013,benzo(b),0.6,3103.4
2014,benzo(b),0.6,2838.6
2015,benzo(b),0.6,2745.7
2016,benzo(b),0.6,2754.7
2017,benzo(b),0.6,2741.1
2018,benzo(b),0.6,2385.4
2019,benzo(b),0.6,2380.2
2020,benzo(b),0.6,2273.4
2021,benzo(b),0.6,2289.0
2022,benzo(b),0.6,2113.6
2023,benzo(b),0.6,2044.1
1990,benzo(k),0.6,2975.5
1991,benzo(k),0.6,3332.1
1992,benzo(k),0.6,2676.3
1993,benzo(k),0.6,2608.3
1994,benzo(k),0.6,2695.5
1995,benzo(k),0.6,2904.7
1996,benzo(k),0.6,3083.4
1997,benzo(k),0.6,2424.5
1998,benzo(k),0.6,2791.0
1999,benzo(k),0.6,3237.8
2000,benzo(k),0.6,2329.0
2001,benzo(k),0.6,2493.4
2002,benzo(k),0.6,2390.1
2003,benzo(k),0.6,2559.5
2004,benzo(k),0.6,2530.9
2005,benzo(k),0.6,2935.1
2006,benzo(k),0.6,3262.8
2007,benzo(k),0.6,2853.3
2008,benzo(k),0.6,2856.4
2009,benzo(k),0.6,1276.8
2010,benzo(k),0.6,1257.5
2011,benzo(k),0.6,1226.8
2012,benzo(k),0.6,1150.5
2013,benzo(k),0.6,1104.5
2014,benzo(k),0.6,1006.2
2015,benzo(k),0.6,972.3
2016,benzo(k),0.6,971.5
2017,benzo(k),0.6,963.0
2018,benzo(k),0.6,833.4
2019,benzo(k),0.6,829.3
2020,benzo(k),0.6,788.9
2021,benzo(k),0.6,796.9
2022,benzo(k),0.6,732.2
2023,benzo(k),0.6,705.2
1990,Indeno,0.6,3163.0
1991,Indeno,0.6,3258.1
1992,Indeno,0.6,3230.0
1993,Indeno,0.6,3298.3
1994,Indeno,0.6,3164.3
1995,Indeno,0.6,3290.3
1996,Indeno,0.6,3292.8
1997,Indeno,0.6,2957.4
1998,Indeno,0.6,2661.5
1999,Indeno,0.6,2667.6
2000,Indeno,0.6,2506.1
2001,Indeno,0.6,2416.5
2002,Indeno,0.6,2362.6
2003,Indeno,0.6,2499.3
2004,Indeno,0.6,2330.2
2005,Indeno,0.6,2439.6
2006,Indeno,0.6,2229.5
2007,Indeno,0.6,2193.5
2008,Indeno,0.6,2190.3
2009,Indeno,0.6,1996.1
2010,Indeno,0.6,1965.1
2011,Indeno,0.6,1902.8
2012,Indeno,0.6,1771.2
2013,Indeno,0.6,1697.2
2014,Indeno,0.6,1540.9
2015,Indeno,0.6,1482.1
2016,Indeno,0.6,1473.6
2017,Indeno,0.6,1453.2
2018,Indeno,0.6,1250.1
2019,Indeno,0.6,1244.8
2020,Indeno,0.6,1172.0
2021,Indeno,0.6,1194.5
2022,Indeno,0.6,1077.8
2023,Indeno,0.6,1037.0
1990,PAH 1-4,0.6,19921.3
1991,PAH 1-4,0.6,20955.9
1992,PAH 1-4,0.6,19158.7
1993,PAH 1-4,0.6,19151.2
1994,PAH 1-4,0.6,19067.2
1995,PAH 1-4,0.6,19812.0
1996,PAH 1-4,0.6,20072.2
1997,PAH 1-4,0.6,17350.3
1998,PAH 1-4,0.6,17314.9
1999,PAH 1-4,0.6,18510.0
2000,PAH 1-4,0.6,15626.5
2001,PAH 1-4,0.6,15735.8
2002,PAH 1-4,0.6,15345.3
2003,PAH 1-4,0.6,16215.3
2004,PAH 1-4,0.6,15644.3
2005,PAH 1-4,0.6,17081.4
2006,PAH 1-4,0.6,17358.2
2007,PAH 1-4,0.6,16198.2
2008,PAH 1-4,0.6,16119.2
2009,PAH 1-4,0.6,10802.8
2010,PAH 1-4,0.6,10944.5
2011,PAH 1-4,0.6,10777.2
2012,PAH 1-4,0.6,9951.3
2013,PAH 1-4,0.6,9571.8
2014,PAH 1-4,0.6,8887.8
2015,PAH 1-4,0.6,8618.7
2016,PAH 1-4,0.6,8625.2
2017,PAH 1-4,0.6,8607.7
2018,PAH 1-4,0.6,7561.7
2019,PAH 1-4,0.6,7546.1
2020,PAH 1-4,0.6,7142.9
2021,PAH 1-4,0.6,7277.8
2022,PAH 1-4,0.6,6676.2
2023,PAH 1-4,0.6,6448.7
1990,HCB,0.6,16.7
1991,HCB,0.6,16.8
1992,HCB,0.6,16.8
1993,HCB,0.6,16.9
1994,HCB,0.6,17.1
1995,HCB,0.6,17.1
1996,HCB,0.6,17.2
1997,HCB,0.6,17.1
1998,HCB,0.6,17.1
1999,HCB,0.6,17.0
2000,HCB,0.6,10.9
2001,HCB,0.6,6.2
2002,HCB,0.6,8.8
2003,HCB,0.6,14.7
2004,HCB,0.6,3.9
2005,HCB,0.6,4.8
2006,HCB,0.6,5.6
2007,HCB,0.6,6.1
2008,HCB,0.6,3.9
2009,HCB,0.6,10.2
2010,HCB,0.6,6.8
2011,HCB,0.6,4.5
2012,HCB,0.6,4.0
2013,HCB,0.6,4.5
2014,HCB,0.6,3.6
2015,HCB,0.6,4.0
2016,HCB,0.6,2.9
2017,HCB,0.6,3.3
2018,HCB,0.6,3.0
2019,HCB,0.6,3.0
2020,HCB,0.6,2.9
2021,HCB,0.6,3.3
2022,HCB,0.6,2.9
2023,HCB,0.6,3.6
1990,PCB,0.6,9.8
1991,PCB,0.6,9.2
1992,PCB,0.6,8.8
1993,PCB,0.6,9.3
1994,PCB,0.6,9.9
1995,PCB,0.6,10.5
1996,PCB,0.6,10.0
1997,PCB,0.6,10.9
1998,PCB,0.6,10.8
1999,PCB,0.6,9.8
2000,PCB,0.6,10.9
2001,PCB,0.6,10.4
2002,PCB,0.6,10.4
2003,PCB,0.6,10.1
2004,PCB,0.6,10.7
2005,PCB,0.6,10.6
2006,PCB,0.6,10.9
2007,PCB,0.6,11.0
2008,PCB,0.6,10.6
2009,PCB,0.6,7.5
2010,PCB,0.6,10.2
2011,PCB,0.6,10.6
2012,PCB,0.6,9.6
2013,PCB,0.6,9.2
2014,PCB,0.6,9.8
2015,PCB,0.6,9.8
2016,PCB,0.6,10.0
2017,PCB,0.6,10.5
2018,PCB,0.6,10.1
2019,PCB,0.6,10.2
2020,PCB,0.6,9.9
2021,PCB,0.6,10.1
2022,PCB,0.6,9.6
2023,PCB,0.6,9.2
